1. Write a query to display the first_name, last_name using alias name â€œFirst Name",
"Last Name".

Microsoft Windows [Version 10.0.19043.1237]
(c) Microsoft Corporation. All rights reserved.

C:\Users\Piyush>mysql -u d8_56780 -p
Enter password: *****
Welcome to the MySQL monitor.  Commands end with ; or \g.
Your MySQL connection id is 30
Server version: 8.0.26 MySQL Community Server - GPL

Copyright (c) 2000, 2021, Oracle and/or its affiliates.

Oracle is a registered trademark of Oracle Corporation and/or its
affiliates. Other names may be trademarks of their respective
owners.

Type 'help;' or '\h' for help. Type '\c' to clear the current input statement.

d8_56780>show databases;
+--------------------+
| Database           |
+--------------------+
| classwork          |
| hr                 |
| information_schema |
| northwind          |
| sales              |
| spj                |
+--------------------+
6 rows in set (0.00 sec)

d8_56780>use hr;
Database changed
d8_56780>show tables;
+--------------+
| Tables_in_hr |
+--------------+
| countries    |
| departments  |
| employees    |
| job_history  |
| jobs         |
| locations    |
| regions      |
+--------------+
7 rows in set (0.00 sec)

d8_56780>describe employees
    -> ;
+----------------+--------------+------+-----+---------+-------+
| Field          | Type         | Null | Key | Default | Extra |
+----------------+--------------+------+-----+---------+-------+
| EMPLOYEE_ID    | decimal(6,0) | NO   | PRI | 0       |       |
| FIRST_NAME     | varchar(20)  | YES  |     | NULL    |       |
| LAST_NAME      | varchar(25)  | NO   | MUL | NULL    |       |
| EMAIL          | varchar(25)  | NO   | UNI | NULL    |       |
| PHONE_NUMBER   | varchar(20)  | YES  |     | NULL    |       |
| HIRE_DATE      | date         | NO   |     | NULL    |       |
| JOB_ID         | varchar(10)  | NO   | MUL | NULL    |       |
| SALARY         | decimal(8,2) | YES  |     | NULL    |       |
| COMMISSION_PCT | decimal(2,2) | YES  |     | NULL    |       |
| MANAGER_ID     | decimal(6,0) | YES  | MUL | NULL    |       |
| DEPARTMENT_ID  | decimal(4,0) | YES  | MUL | NULL    |       |
+----------------+--------------+------+-----+---------+-------+
11 rows in set (0.00 sec)

d8_56780>select first_name,last name from employees;
ERROR 1054 (42S22): Unknown column 'last' in 'field list'
d8_56780>select FIRST_NAME,LAST_NAME from employees;
+-------------+-------------+
| FIRST_NAME  | LAST_NAME   |
+-------------+-------------+
| Ellen       | Abel        |
| Sundar      | Ande        |
| Mozhe       | Atkinson    |
| David       | Austin      |
| Hermann     | Baer        |
| Shelli      | Baida       |
| Amit        | Banda       |
| Elizabeth   | Bates       |
| Sarah       | Bell        |
| David       | Bernstein   |
| Laura       | Bissot      |
| Harrison    | Bloom       |
| Alexis      | Bull        |
| Anthony     | Cabrio      |
| Gerald      | Cambrault   |
| Nanette     | Cambrault   |
| John        | Chen        |
| Kelly       | Chung       |
| Karen       | Colmenares  |
| Curtis      | Davies      |
| Lex         | De Haan     |
| Julia       | Dellinger   |
| Jennifer    | Dilly       |
| Louise      | Doran       |
| Bruce       | Ernst       |
| Alberto     | Errazuriz   |
| Britney     | Everett     |
| Daniel      | Faviet      |
| Pat         | Fay         |
| Kevin       | Feeney      |
| Jean        | Fleaur      |
| Tayler      | Fox         |
| Adam        | Fripp       |
| Timothy     | Gates       |
| Ki          | Gee         |
| Girard      | Geoni       |
| William     | Gietz       |
| Douglas     | Grant       |
| Kimberely   | Grant       |
| Nancy       | Greenberg   |
| Danielle    | Greene      |
| Peter       | Hall        |
| Michael     | Hartstein   |
| Shelley     | Higgins     |
| Guy         | Himuro      |
| Alexander   | Hunold      |
| Alyssa      | Hutton      |
| Charles     | Johnson     |
| Vance       | Jones       |
| Payam       | Kaufling    |
| Alexander   | Khoo        |
| Janette     | King        |
| Steven      | King        |
| Neena       | Kochhar     |
| Sundita     | Kumar       |
| Renske      | Ladwig      |
| James       | Landry      |
| David       | Lee         |
| Jack        | Livingston  |
| Diana       | Lorentz     |
| Jason       | Mallin      |
| Steven      | Markle      |
| James       | Marlow      |
| Mattea      | Marvins     |
| Randall     | Matos       |
| Susan       | Mavris      |
| Samuel      | McCain      |
| Allan       | McEwen      |
| Irene       | Mikkilineni |
| Kevin       | Mourgos     |
| Julia       | Nayer       |
| Donald      | OConnell    |
| Christopher | Olsen       |
| TJ          | Olson       |
| Lisa        | Ozer        |
| Karen       | Partners    |
| Valli       | Pataballa   |
| Joshua      | Patel       |
| Randall     | Perkins     |
| Hazel       | Philtanker  |
| Luis        | Popp        |
| Trenna      | Rajs        |
| Den         | Raphaely    |
| Michael     | Rogers      |
| John        | Russell     |
| Nandita     | Sarchand    |
| Ismael      | Sciarra     |
| John        | Seo         |
| Sarath      | Sewall      |
| Lindsey     | Smith       |
| William     | Smith       |
| Stephen     | Stiles      |
| Martha      | Sullivan    |
| Patrick     | Sully       |
| Jonathon    | Taylor      |
| Winston     | Taylor      |
| Sigal       | Tobias      |
| Peter       | Tucker      |
| Oliver      | Tuvault     |
| Jose Manuel | Urman       |
| Peter       | Vargas      |
| Clara       | Vishney     |
| Shanta      | Vollman     |
| Alana       | Walsh       |
| Matthew     | Weiss       |
| Jennifer    | Whalen      |
| Eleni       | Zlotkey     |
+-------------+-------------+
107 rows in set (0.00 sec)

d8_56780>select FIRST_NAME as `First Name`,LAST_NAME as `Last Name` from employees;
+-------------+-------------+
| First Name  | Last Name   |
+-------------+-------------+
| Ellen       | Abel        |
| Sundar      | Ande        |
| Mozhe       | Atkinson    |
| David       | Austin      |
| Hermann     | Baer        |
| Shelli      | Baida       |
| Amit        | Banda       |
| Elizabeth   | Bates       |
| Sarah       | Bell        |
| David       | Bernstein   |
| Laura       | Bissot      |
| Harrison    | Bloom       |
| Alexis      | Bull        |
| Anthony     | Cabrio      |
| Gerald      | Cambrault   |
| Nanette     | Cambrault   |
| John        | Chen        |
| Kelly       | Chung       |
| Karen       | Colmenares  |
| Curtis      | Davies      |
| Lex         | De Haan     |
| Julia       | Dellinger   |
| Jennifer    | Dilly       |
| Louise      | Doran       |
| Bruce       | Ernst       |
| Alberto     | Errazuriz   |
| Britney     | Everett     |
| Daniel      | Faviet      |
| Pat         | Fay         |
| Kevin       | Feeney      |
| Jean        | Fleaur      |
| Tayler      | Fox         |
| Adam        | Fripp       |
| Timothy     | Gates       |
| Ki          | Gee         |
| Girard      | Geoni       |
| William     | Gietz       |
| Douglas     | Grant       |
| Kimberely   | Grant       |
| Nancy       | Greenberg   |
| Danielle    | Greene      |
| Peter       | Hall        |
| Michael     | Hartstein   |
| Shelley     | Higgins     |
| Guy         | Himuro      |
| Alexander   | Hunold      |
| Alyssa      | Hutton      |
| Charles     | Johnson     |
| Vance       | Jones       |
| Payam       | Kaufling    |
| Alexander   | Khoo        |
| Janette     | King        |
| Steven      | King        |
| Neena       | Kochhar     |
| Sundita     | Kumar       |
| Renske      | Ladwig      |
| James       | Landry      |
| David       | Lee         |
| Jack        | Livingston  |
| Diana       | Lorentz     |
| Jason       | Mallin      |
| Steven      | Markle      |
| James       | Marlow      |
| Mattea      | Marvins     |
| Randall     | Matos       |
| Susan       | Mavris      |
| Samuel      | McCain      |
| Allan       | McEwen      |
| Irene       | Mikkilineni |
| Kevin       | Mourgos     |
| Julia       | Nayer       |
| Donald      | OConnell    |
| Christopher | Olsen       |
| TJ          | Olson       |
| Lisa        | Ozer        |
| Karen       | Partners    |
| Valli       | Pataballa   |
| Joshua      | Patel       |
| Randall     | Perkins     |
| Hazel       | Philtanker  |
| Luis        | Popp        |
| Trenna      | Rajs        |
| Den         | Raphaely    |
| Michael     | Rogers      |
| John        | Russell     |
| Nandita     | Sarchand    |
| Ismael      | Sciarra     |
| John        | Seo         |
| Sarath      | Sewall      |
| Lindsey     | Smith       |
| William     | Smith       |
| Stephen     | Stiles      |
| Martha      | Sullivan    |
| Patrick     | Sully       |
| Jonathon    | Taylor      |
| Winston     | Taylor      |
| Sigal       | Tobias      |
| Peter       | Tucker      |
| Oliver      | Tuvault     |
| Jose Manuel | Urman       |
| Peter       | Vargas      |
| Clara       | Vishney     |
| Shanta      | Vollman     |
| Alana       | Walsh       |
| Matthew     | Weiss       |
| Jennifer    | Whalen      |
| Eleni       | Zlotkey     |
+-------------+-------------+
107 rows in set (0.00 sec)

d8_56780>


2. Write a query to get the names (first_name, last_name), salary, PF of all the
employees (PF is calculated as 15% of salary).


d8_56780>select FIRST_NAME,LAST_NAME,SALARY,SALARY*0.15 as PF from employees;
+-------------+-------------+----------+-----------+
| FIRST_NAME  | LAST_NAME   | SALARY   | PF        |
+-------------+-------------+----------+-----------+
| Steven      | King        | 24000.00 | 3600.0000 |
| Neena       | Kochhar     | 17000.00 | 2550.0000 |
| Lex         | De Haan     | 17000.00 | 2550.0000 |
| Alexander   | Hunold      |  9000.00 | 1350.0000 |
| Bruce       | Ernst       |  6000.00 |  900.0000 |
| David       | Austin      |  4800.00 |  720.0000 |
| Valli       | Pataballa   |  4800.00 |  720.0000 |
| Diana       | Lorentz     |  4200.00 |  630.0000 |
| Nancy       | Greenberg   | 12000.00 | 1800.0000 |
| Daniel      | Faviet      |  9000.00 | 1350.0000 |
| John        | Chen        |  8200.00 | 1230.0000 |
| Ismael      | Sciarra     |  7700.00 | 1155.0000 |
| Jose Manuel | Urman       |  7800.00 | 1170.0000 |
| Luis        | Popp        |  6900.00 | 1035.0000 |
| Den         | Raphaely    | 11000.00 | 1650.0000 |
| Alexander   | Khoo        |  3100.00 |  465.0000 |
| Shelli      | Baida       |  2900.00 |  435.0000 |
| Sigal       | Tobias      |  2800.00 |  420.0000 |
| Guy         | Himuro      |  2600.00 |  390.0000 |
| Karen       | Colmenares  |  2500.00 |  375.0000 |
| Matthew     | Weiss       |  8000.00 | 1200.0000 |
| Adam        | Fripp       |  8200.00 | 1230.0000 |
| Payam       | Kaufling    |  7900.00 | 1185.0000 |
| Shanta      | Vollman     |  6500.00 |  975.0000 |
| Kevin       | Mourgos     |  5800.00 |  870.0000 |
| Julia       | Nayer       |  3200.00 |  480.0000 |
| Irene       | Mikkilineni |  2700.00 |  405.0000 |
| James       | Landry      |  2400.00 |  360.0000 |
| Steven      | Markle      |  2200.00 |  330.0000 |
| Laura       | Bissot      |  3300.00 |  495.0000 |
| Mozhe       | Atkinson    |  2800.00 |  420.0000 |
| James       | Marlow      |  2500.00 |  375.0000 |
| TJ          | Olson       |  2100.00 |  315.0000 |
| Jason       | Mallin      |  3300.00 |  495.0000 |
| Michael     | Rogers      |  2900.00 |  435.0000 |
| Ki          | Gee         |  2400.00 |  360.0000 |
| Hazel       | Philtanker  |  2200.00 |  330.0000 |
| Renske      | Ladwig      |  3600.00 |  540.0000 |
| Stephen     | Stiles      |  3200.00 |  480.0000 |
| John        | Seo         |  2700.00 |  405.0000 |
| Joshua      | Patel       |  2500.00 |  375.0000 |
| Trenna      | Rajs        |  3500.00 |  525.0000 |
| Curtis      | Davies      |  3100.00 |  465.0000 |
| Randall     | Matos       |  2600.00 |  390.0000 |
| Peter       | Vargas      |  2500.00 |  375.0000 |
| John        | Russell     | 14000.00 | 2100.0000 |
| Karen       | Partners    | 13500.00 | 2025.0000 |
| Alberto     | Errazuriz   | 12000.00 | 1800.0000 |
| Gerald      | Cambrault   | 11000.00 | 1650.0000 |
| Eleni       | Zlotkey     | 10500.00 | 1575.0000 |
| Peter       | Tucker      | 10000.00 | 1500.0000 |
| David       | Bernstein   |  9500.00 | 1425.0000 |
| Peter       | Hall        |  9000.00 | 1350.0000 |
| Christopher | Olsen       |  8000.00 | 1200.0000 |
| Nanette     | Cambrault   |  7500.00 | 1125.0000 |
| Oliver      | Tuvault     |  7000.00 | 1050.0000 |
| Janette     | King        | 10000.00 | 1500.0000 |
| Patrick     | Sully       |  9500.00 | 1425.0000 |
| Allan       | McEwen      |  9000.00 | 1350.0000 |
| Lindsey     | Smith       |  8000.00 | 1200.0000 |
| Louise      | Doran       |  7500.00 | 1125.0000 |
| Sarath      | Sewall      |  7000.00 | 1050.0000 |
| Clara       | Vishney     | 10500.00 | 1575.0000 |
| Danielle    | Greene      |  9500.00 | 1425.0000 |
| Mattea      | Marvins     |  7200.00 | 1080.0000 |
| David       | Lee         |  6800.00 | 1020.0000 |
| Sundar      | Ande        |  6400.00 |  960.0000 |
| Amit        | Banda       |  6200.00 |  930.0000 |
| Lisa        | Ozer        | 11500.00 | 1725.0000 |
| Harrison    | Bloom       | 10000.00 | 1500.0000 |
| Tayler      | Fox         |  9600.00 | 1440.0000 |
| William     | Smith       |  7400.00 | 1110.0000 |
| Elizabeth   | Bates       |  7300.00 | 1095.0000 |
| Sundita     | Kumar       |  6100.00 |  915.0000 |
| Ellen       | Abel        | 11000.00 | 1650.0000 |
| Alyssa      | Hutton      |  8800.00 | 1320.0000 |
| Jonathon    | Taylor      |  8600.00 | 1290.0000 |
| Jack        | Livingston  |  8400.00 | 1260.0000 |
| Kimberely   | Grant       |  7000.00 | 1050.0000 |
| Charles     | Johnson     |  6200.00 |  930.0000 |
| Winston     | Taylor      |  3200.00 |  480.0000 |
| Jean        | Fleaur      |  3100.00 |  465.0000 |
| Martha      | Sullivan    |  2500.00 |  375.0000 |
| Girard      | Geoni       |  2800.00 |  420.0000 |
| Nandita     | Sarchand    |  4200.00 |  630.0000 |
| Alexis      | Bull        |  4100.00 |  615.0000 |
| Julia       | Dellinger   |  3400.00 |  510.0000 |
| Anthony     | Cabrio      |  3000.00 |  450.0000 |
| Kelly       | Chung       |  3800.00 |  570.0000 |
| Jennifer    | Dilly       |  3600.00 |  540.0000 |
| Timothy     | Gates       |  2900.00 |  435.0000 |
| Randall     | Perkins     |  2500.00 |  375.0000 |
| Sarah       | Bell        |  4000.00 |  600.0000 |
| Britney     | Everett     |  3900.00 |  585.0000 |
| Samuel      | McCain      |  3200.00 |  480.0000 |
| Vance       | Jones       |  2800.00 |  420.0000 |
| Alana       | Walsh       |  3100.00 |  465.0000 |
| Kevin       | Feeney      |  3000.00 |  450.0000 |
| Donald      | OConnell    |  2600.00 |  390.0000 |
| Douglas     | Grant       |  2600.00 |  390.0000 |
| Jennifer    | Whalen      |  4400.00 |  660.0000 |
| Michael     | Hartstein   | 13000.00 | 1950.0000 |
| Pat         | Fay         |  6000.00 |  900.0000 |
| Susan       | Mavris      |  6500.00 |  975.0000 |
| Hermann     | Baer        | 10000.00 | 1500.0000 |
| Shelley     | Higgins     | 12000.00 | 1800.0000 |
| William     | Gietz       |  8300.00 | 1245.0000 |
+-------------+-------------+----------+-----------+
107 rows in set (0.00 sec)

d8_56780>

3. Write a query to select first 10 records from a employees table.

d8_56780>select*from employees limit 10;
+-------------+------------+-----------+----------+--------------+------------+------------+----------+----------------+------------+---------------+
| EMPLOYEE_ID | FIRST_NAME | LAST_NAME | EMAIL    | PHONE_NUMBER | HIRE_DATE  | JOB_ID     | SALARY   | COMMISSION_PCT | MANAGER_ID | DEPARTMENT_ID |
+-------------+------------+-----------+----------+--------------+------------+------------+----------+----------------+------------+---------------+
|         100 | Steven     | King      | SKING    | 515.123.4567 | 1987-06-17 | AD_PRES    | 24000.00 |           0.00 |          0 |            90 |
|         101 | Neena      | Kochhar   | NKOCHHAR | 515.123.4568 | 1987-06-18 | AD_VP      | 17000.00 |           0.00 |        100 |            90 |
|         102 | Lex        | De Haan   | LDEHAAN  | 515.123.4569 | 1987-06-19 | AD_VP      | 17000.00 |           0.00 |        100 |            90 |
|         103 | Alexander  | Hunold    | AHUNOLD  | 590.423.4567 | 1987-06-20 | IT_PROG    |  9000.00 |           0.00 |        102 |            60 |
|         104 | Bruce      | Ernst     | BERNST   | 590.423.4568 | 1987-06-21 | IT_PROG    |  6000.00 |           0.00 |        103 |            60 |
|         105 | David      | Austin    | DAUSTIN  | 590.423.4569 | 1987-06-22 | IT_PROG    |  4800.00 |           0.00 |        103 |            60 |
|         106 | Valli      | Pataballa | VPATABAL | 590.423.4560 | 1987-06-23 | IT_PROG    |  4800.00 |           0.00 |        103 |            60 |
|         107 | Diana      | Lorentz   | DLORENTZ | 590.423.5567 | 1987-06-24 | IT_PROG    |  4200.00 |           0.00 |        103 |            60 |
|         108 | Nancy      | Greenberg | NGREENBE | 515.124.4569 | 1987-06-25 | FI_MGR     | 12000.00 |           0.00 |        101 |           100 |
|         109 | Daniel     | Faviet    | DFAVIET  | 515.124.4169 | 1987-06-26 | FI_ACCOUNT |  9000.00 |           0.00 |        108 |           100 |
+-------------+------------+-----------+----------+--------------+------------+------------+----------+----------------+------------+---------------+
10 rows in set (0.00 sec)

d8_56780>


4. Write a query to display job id and job title of first 5 jobs.


d8_56780>select JOB_ID, JOB_TITLE from employees limit 5;
ERROR 1054 (42S22): Unknown column 'JOB_TITLE' in 'field list'
d8_56780>describe jobs;
+------------+--------------+------+-----+---------+-------+
| Field      | Type         | Null | Key | Default | Extra |
+------------+--------------+------+-----+---------+-------+
| JOB_ID     | varchar(10)  | NO   | PRI |         |       |
| JOB_TITLE  | varchar(35)  | NO   |     | NULL    |       |
| MIN_SALARY | decimal(6,0) | YES  |     | NULL    |       |
| MAX_SALARY | decimal(6,0) | YES  |     | NULL    |       |
+------------+--------------+------+-----+---------+-------+
4 rows in set (0.00 sec)

d8_56780>select JOB_ID,JOB_TITLE from jobs limit 5;
+------------+-------------------------------+
| JOB_ID     | JOB_TITLE                     |
+------------+-------------------------------+
| AD_PRES    | President                     |
| AD_VP      | Administration Vice President |
| AD_ASST    | Administration Assistant      |
| FI_MGR     | Finance Manager               |
| FI_ACCOUNT | Accountant                    |
+------------+-------------------------------+
5 rows in set (0.01 sec)

d8_56780>


5.Write a query to display location id, street address and postal code of 6 locations
after first 3 locations.


d8_56780>show tables;
+--------------+
| Tables_in_hr |
+--------------+
| countries    |
| departments  |
| employees    |
| job_history  |
| jobs         |
| locations    |
| regions      |
+--------------+
7 rows in set (0.00 sec)

d8_56780>describe locations;
+----------------+--------------+------+-----+---------+-------+
| Field          | Type         | Null | Key | Default | Extra |
+----------------+--------------+------+-----+---------+-------+
| LOCATION_ID    | decimal(4,0) | NO   | PRI | 0       |       |
| STREET_ADDRESS | varchar(40)  | YES  |     | NULL    |       |
| POSTAL_CODE    | varchar(12)  | YES  |     | NULL    |       |
| CITY           | varchar(30)  | NO   | MUL | NULL    |       |
| STATE_PROVINCE | varchar(25)  | YES  | MUL | NULL    |       |
| COUNTRY_ID     | varchar(2)   | YES  | MUL | NULL    |       |
+----------------+--------------+------+-----+---------+-------+
6 rows in set (0.00 sec)

d8_56780>select LOCATION_ID,STREET_ADDRESS,POSTAL_CODE from locations limit 3,6;
+-------------+---------------------+-------------+
| LOCATION_ID | STREET_ADDRESS      | POSTAL_CODE |
+-------------+---------------------+-------------+
|        1300 | 9450 Kamiya-cho     | 6823        |
|        1400 | 2014 Jabberwocky Rd | 26192       |
|        1500 | 2011 Interiors Blvd | 99236       |
|        1600 | 2007 Zagora St      | 50090       |
|        1700 | 2004 Charade Rd     | 98199       |
|        1800 | 147 Spadina Ave     | M5V 2L7     |
+-------------+---------------------+-------------+
6 rows in set (0.01 sec)

d8_56780>


6. Write a query to display job title and difference between max and min salary for that
job.


d8_56780>show tables;
+--------------+
| Tables_in_hr |
+--------------+
| countries    |
| departments  |
| employees    |
| job_history  |
| jobs         |
| locations    |
| regions      |
+--------------+
7 rows in set (0.00 sec)

d8_56780>describe jobs;
+------------+--------------+------+-----+---------+-------+
| Field      | Type         | Null | Key | Default | Extra |
+------------+--------------+------+-----+---------+-------+
| JOB_ID     | varchar(10)  | NO   | PRI |         |       |
| JOB_TITLE  | varchar(35)  | NO   |     | NULL    |       |
| MIN_SALARY | decimal(6,0) | YES  |     | NULL    |       |
| MAX_SALARY | decimal(6,0) | YES  |     | NULL    |       |
+------------+--------------+------+-----+---------+-------+
4 rows in set (0.00 sec)

d8_56780>select JOB_TITLE,MAX_SALARY-MIN SALARY as DIFF from jobs;
ERROR 1064 (42000): You have an error in your SQL syntax; check the manual that corresponds to your MySQL server version for the right syntax to use near 'as DIFF from jobs' at line 1
d8_56780>select JOB_TITLE,MAX_SALARY - MIN SALARY as DIFF from jobs;
ERROR 1064 (42000): You have an error in your SQL syntax; check the manual that corresponds to your MySQL server version for the right syntax to use near 'as DIFF from jobs' at line 1
d8_56780>select JOB_TITLE,MAX_SALARY - MIN_SALARY as DIFF from jobs;
+---------------------------------+-------+
| JOB_TITLE                       | DIFF  |
+---------------------------------+-------+
| President                       | 20000 |
| Administration Vice President   | 15000 |
| Administration Assistant        |  3000 |
| Finance Manager                 |  7800 |
| Accountant                      |  4800 |
| Accounting Manager              |  7800 |
| Public Accountant               |  4800 |
| Sales Manager                   | 10000 |
| Sales Representative            |  6000 |
| Purchasing Manager              |  7000 |
| Purchasing Clerk                |  3000 |
| Stock Manager                   |  3000 |
| Stock Clerk                     |  3000 |
| Shipping Clerk                  |  3000 |
| Programmer                      |  6000 |
| Marketing Manager               |  6000 |
| Marketing Representative        |  5000 |
| Human Resources Representative  |  5000 |
| Public Relations Representative |  6000 |
+---------------------------------+-------+
19 rows in set (0.00 sec)

d8_56780>



7. Write a query to get unique department ID from employee table.


d8_56780>describe employees;
+----------------+--------------+------+-----+---------+-------+
| Field          | Type         | Null | Key | Default | Extra |
+----------------+--------------+------+-----+---------+-------+
| EMPLOYEE_ID    | decimal(6,0) | NO   | PRI | 0       |       |
| FIRST_NAME     | varchar(20)  | YES  |     | NULL    |       |
| LAST_NAME      | varchar(25)  | NO   | MUL | NULL    |       |
| EMAIL          | varchar(25)  | NO   | UNI | NULL    |       |
| PHONE_NUMBER   | varchar(20)  | YES  |     | NULL    |       |
| HIRE_DATE      | date         | NO   |     | NULL    |       |
| JOB_ID         | varchar(10)  | NO   | MUL | NULL    |       |
| SALARY         | decimal(8,2) | YES  |     | NULL    |       |
| COMMISSION_PCT | decimal(2,2) | YES  |     | NULL    |       |
| MANAGER_ID     | decimal(6,0) | YES  | MUL | NULL    |       |
| DEPARTMENT_ID  | decimal(4,0) | YES  | MUL | NULL    |       |
+----------------+--------------+------+-----+---------+-------+
11 rows in set (0.00 sec)

d8_56780>select ditinct EMPLOYEE_ID from employees;
ERROR 1054 (42S22): Unknown column 'ditinct' in 'field list'
d8_56780>select distinct EMPLOYEE_ID from employees;
+-------------+
| EMPLOYEE_ID |
+-------------+
|         100 |
|         101 |
|         102 |
|         103 |
|         104 |
|         105 |
|         106 |
|         107 |
|         108 |
|         109 |
|         110 |
|         111 |
|         112 |
|         113 |
|         114 |
|         115 |
|         116 |
|         117 |
|         118 |
|         119 |
|         120 |
|         121 |
|         122 |
|         123 |
|         124 |
|         125 |
|         126 |
|         127 |
|         128 |
|         129 |
|         130 |
|         131 |
|         132 |
|         133 |
|         134 |
|         135 |
|         136 |
|         137 |
|         138 |
|         139 |
|         140 |
|         141 |
|         142 |
|         143 |
|         144 |
|         145 |
|         146 |
|         147 |
|         148 |
|         149 |
|         150 |
|         151 |
|         152 |
|         153 |
|         154 |
|         155 |
|         156 |
|         157 |
|         158 |
|         159 |
|         160 |
|         161 |
|         162 |
|         163 |
|         164 |
|         165 |
|         166 |
|         167 |
|         168 |
|         169 |
|         170 |
|         171 |
|         172 |
|         173 |
|         174 |
|         175 |
|         176 |
|         177 |
|         178 |
|         179 |
|         180 |
|         181 |
|         182 |
|         183 |
|         184 |
|         185 |
|         186 |
|         187 |
|         188 |
|         189 |
|         190 |
|         191 |
|         192 |
|         193 |
|         194 |
|         195 |
|         196 |
|         197 |
|         198 |
|         199 |
|         200 |
|         201 |
|         202 |
|         203 |
|         204 |
|         205 |
|         206 |
+-------------+
107 rows in set (0.00 sec)

d8_56780>



8. Write a query to get all employee details from the employee table order by first
name, descending.



d8_56780>select *from employees order by FIRST_NAME desc;
+-------------+-------------+-------------+----------+--------------------+------------+------------+----------+----------------+------------+---------------+
| EMPLOYEE_ID | FIRST_NAME  | LAST_NAME   | EMAIL    | PHONE_NUMBER       | HIRE_DATE  | JOB_ID     | SALARY   | COMMISSION_PCT | MANAGER_ID | DEPARTMENT_ID |
+-------------+-------------+-------------+----------+--------------------+------------+------------+----------+----------------+------------+---------------+
|         180 | Winston     | Taylor      | WTAYLOR  | 650.507.9876       | 1987-09-05 | SH_CLERK   |  3200.00 |           0.00 |        120 |            50 |
|         171 | William     | Smith       | WSMITH   | 011.44.1343.629268 | 1987-08-27 | SA_REP     |  7400.00 |           0.15 |        148 |            80 |
|         206 | William     | Gietz       | WGIETZ   | 515.123.8181       | 1987-10-01 | AC_ACCOUNT |  8300.00 |           0.00 |        205 |           110 |
|         195 | Vance       | Jones       | VJONES   | 650.501.4876       | 1987-09-20 | SH_CLERK   |  2800.00 |           0.00 |        123 |            50 |
|         106 | Valli       | Pataballa   | VPATABAL | 590.423.4560       | 1987-06-23 | IT_PROG    |  4800.00 |           0.00 |        103 |            60 |
|         141 | Trenna      | Rajs        | TRAJS    | 650.121.8009       | 1987-07-28 | ST_CLERK   |  3500.00 |           0.00 |        124 |
50 |
|         132 | TJ          | Olson       | TJOLSON  | 650.124.8234       | 1987-07-19 | ST_CLERK   |  2100.00 |           0.00 |        121 |
50 |
|         190 | Timothy     | Gates       | TGATES   | 650.505.3876       | 1987-09-15 | SH_CLERK   |  2900.00 |           0.00 |        122 |
50 |
|         170 | Tayler      | Fox         | TFOX     | 011.44.1343.729268 | 1987-08-26 | SA_REP     |  9600.00 |           0.20 |        148 |
80 |
|         203 | Susan       | Mavris      | SMAVRIS  | 515.123.7777       | 1987-09-28 | HR_REP     |  6500.00 |           0.00 |        101 |
40 |
|         173 | Sundita     | Kumar       | SKUMAR   | 011.44.1343.329268 | 1987-08-29 | SA_REP     |  6100.00 |           0.10 |        148 |
80 |
|         166 | Sundar      | Ande        | SANDE    | 011.44.1346.629268 | 1987-08-22 | SA_REP     |  6400.00 |           0.10 |        147 |
80 |
|         100 | Steven      | King        | SKING    | 515.123.4567       | 1987-06-17 | AD_PRES    | 24000.00 |           0.00 |          0 |
90 |
|         128 | Steven      | Markle      | SMARKLE  | 650.124.1434       | 1987-07-15 | ST_CLERK   |  2200.00 |           0.00 |        120 |
50 |
|         138 | Stephen     | Stiles      | SSTILES  | 650.121.2034       | 1987-07-25 | ST_CLERK   |  3200.00 |           0.00 |        123 |
50 |
|         117 | Sigal       | Tobias      | STOBIAS  | 515.127.4564       | 1987-07-04 | PU_CLERK   |  2800.00 |           0.00 |        114 |
30 |
|         116 | Shelli      | Baida       | SBAIDA   | 515.127.4563       | 1987-07-03 | PU_CLERK   |  2900.00 |           0.00 |        114 |
30 |
|         205 | Shelley     | Higgins     | SHIGGINS | 515.123.8080       | 1987-09-30 | AC_MGR     | 12000.00 |           0.00 |        101 |           110 |
|         123 | Shanta      | Vollman     | SVOLLMAN | 650.123.4234       | 1987-07-10 | ST_MAN     |  6500.00 |           0.00 |        100 |
50 |
|         161 | Sarath      | Sewall      | SSEWALL  | 011.44.1345.529268 | 1987-08-17 | SA_REP     |  7000.00 |           0.25 |        146 |
80 |
|         192 | Sarah       | Bell        | SBELL    | 650.501.1876       | 1987-09-17 | SH_CLERK   |  4000.00 |           0.00 |        123 |
50 |
|         194 | Samuel      | McCain      | SMCCAIN  | 650.501.3876       | 1987-09-19 | SH_CLERK   |  3200.00 |           0.00 |        123 |
50 |
|         137 | Renske      | Ladwig      | RLADWIG  | 650.121.1234       | 1987-07-24 | ST_CLERK   |  3600.00 |           0.00 |        123 |
50 |
|         143 | Randall     | Matos       | RMATOS   | 650.121.2874       | 1987-07-30 | ST_CLERK   |  2600.00 |           0.00 |        124 |
50 |
|         191 | Randall     | Perkins     | RPERKINS | 650.505.4876       | 1987-09-16 | SH_CLERK   |  2500.00 |           0.00 |        122 |
50 |
|         144 | Peter       | Vargas      | PVARGAS  | 650.121.2004       | 1987-07-31 | ST_CLERK   |  2500.00 |           0.00 |        124 |
50 |
|         150 | Peter       | Tucker      | PTUCKER  | 011.44.1344.129268 | 1987-08-06 | SA_REP     | 10000.00 |           0.30 |        145 |
80 |
|         152 | Peter       | Hall        | PHALL    | 011.44.1344.478968 | 1987-08-08 | SA_REP     |  9000.00 |           0.25 |        145 |
80 |
|         122 | Payam       | Kaufling    | PKAUFLIN | 650.123.3234       | 1987-07-09 | ST_MAN     |  7900.00 |           0.00 |        100 |
50 |
|         157 | Patrick     | Sully       | PSULLY   | 011.44.1345.929268 | 1987-08-13 | SA_REP     |  9500.00 |           0.35 |        146 |
80 |
|         202 | Pat         | Fay         | PFAY     | 603.123.6666       | 1987-09-27 | MK_REP     |  6000.00 |           0.00 |        201 |
20 |
|         155 | Oliver      | Tuvault     | OTUVAULT | 011.44.1344.486508 | 1987-08-11 | SA_REP     |  7000.00 |           0.15 |        145 |
80 |
|         101 | Neena       | Kochhar     | NKOCHHAR | 515.123.4568       | 1987-06-18 | AD_VP      | 17000.00 |           0.00 |        100 |
90 |
|         154 | Nanette     | Cambrault   | NCAMBRAU | 011.44.1344.987668 | 1987-08-10 | SA_REP     |  7500.00 |           0.20 |        145 |
80 |
|         184 | Nandita     | Sarchand    | NSARCHAN | 650.509.1876       | 1987-09-09 | SH_CLERK   |  4200.00 |           0.00 |        121 |
50 |
|         108 | Nancy       | Greenberg   | NGREENBE | 515.124.4569       | 1987-06-25 | FI_MGR     | 12000.00 |           0.00 |        101 |           100 |
|         130 | Mozhe       | Atkinson    | MATKINSO | 650.124.6234       | 1987-07-17 | ST_CLERK   |  2800.00 |           0.00 |        121 |
50 |
|         134 | Michael     | Rogers      | MROGERS  | 650.127.1834       | 1987-07-21 | ST_CLERK   |  2900.00 |           0.00 |        122 |
50 |
|         201 | Michael     | Hartstein   | MHARTSTE | 515.123.5555       | 1987-09-26 | MK_MAN     | 13000.00 |           0.00 |        100 |
20 |
|         120 | Matthew     | Weiss       | MWEISS   | 650.123.1234       | 1987-07-07 | ST_MAN     |  8000.00 |           0.00 |        100 |
50 |
|         164 | Mattea      | Marvins     | MMARVINS | 011.44.1346.329268 | 1987-08-20 | SA_REP     |  7200.00 |           0.10 |        147 |
80 |
|         182 | Martha      | Sullivan    | MSULLIVA | 650.507.9878       | 1987-09-07 | SH_CLERK   |  2500.00 |           0.00 |        120 |
50 |
|         113 | Luis        | Popp        | LPOPP    | 515.124.4567       | 1987-06-30 | FI_ACCOUNT |  6900.00 |           0.00 |        108 |           100 |
|         160 | Louise      | Doran       | LDORAN   | 011.44.1345.629268 | 1987-08-16 | SA_REP     |  7500.00 |           0.30 |        146 |
80 |
|         168 | Lisa        | Ozer        | LOZER    | 011.44.1343.929268 | 1987-08-24 | SA_REP     | 11500.00 |           0.25 |        148 |
80 |
|         159 | Lindsey     | Smith       | LSMITH   | 011.44.1345.729268 | 1987-08-15 | SA_REP     |  8000.00 |           0.30 |        146 |
80 |
|         102 | Lex         | De Haan     | LDEHAAN  | 515.123.4569       | 1987-06-19 | AD_VP      | 17000.00 |           0.00 |        100 |
90 |
|         129 | Laura       | Bissot      | LBISSOT  | 650.124.5234       | 1987-07-16 | ST_CLERK   |  3300.00 |           0.00 |        121 |
50 |
|         178 | Kimberely   | Grant       | KGRANT   | 011.44.1644.429263 | 1987-09-03 | SA_REP     |  7000.00 |           0.15 |        149 |
 0 |
|         135 | Ki          | Gee         | KGEE     | 650.127.1734       | 1987-07-22 | ST_CLERK   |  2400.00 |           0.00 |        122 |
50 |
|         124 | Kevin       | Mourgos     | KMOURGOS | 650.123.5234       | 1987-07-11 | ST_MAN     |  5800.00 |           0.00 |        100 |
50 |
|         197 | Kevin       | Feeney      | KFEENEY  | 650.507.9822       | 1987-09-22 | SH_CLERK   |  3000.00 |           0.00 |        124 |
50 |
|         188 | Kelly       | Chung       | KCHUNG   | 650.505.1876       | 1987-09-13 | SH_CLERK   |  3800.00 |           0.00 |        122 |
50 |
|         119 | Karen       | Colmenares  | KCOLMENA | 515.127.4566       | 1987-07-06 | PU_CLERK   |  2500.00 |           0.00 |        114 |
30 |
|         146 | Karen       | Partners    | KPARTNER | 011.44.1344.467268 | 1987-08-02 | SA_MAN     | 13500.00 |           0.30 |        100 |
80 |
|         125 | Julia       | Nayer       | JNAYER   | 650.124.1214       | 1987-07-12 | ST_CLERK   |  3200.00 |           0.00 |        120 |
50 |
|         186 | Julia       | Dellinger   | JDELLING | 650.509.3876       | 1987-09-11 | SH_CLERK   |  3400.00 |           0.00 |        121 |
50 |
|         140 | Joshua      | Patel       | JPATEL   | 650.121.1834       | 1987-07-27 | ST_CLERK   |  2500.00 |           0.00 |        123 |
50 |
|         112 | Jose Manuel | Urman       | JMURMAN  | 515.124.4469       | 1987-06-29 | FI_ACCOUNT |  7800.00 |           0.00 |        108 |           100 |
|         176 | Jonathon    | Taylor      | JTAYLOR  | 011.44.1644.429265 | 1987-09-01 | SA_REP     |  8600.00 |           0.20 |        149 |
80 |
|         110 | John        | Chen        | JCHEN    | 515.124.4269       | 1987-06-27 | FI_ACCOUNT |  8200.00 |           0.00 |        108 |           100 |
|         139 | John        | Seo         | JSEO     | 650.121.2019       | 1987-07-26 | ST_CLERK   |  2700.00 |           0.00 |        123 |
50 |
|         145 | John        | Russell     | JRUSSEL  | 011.44.1344.429268 | 1987-08-01 | SA_MAN     | 14000.00 |           0.40 |        100 |
80 |
|         189 | Jennifer    | Dilly       | JDILLY   | 650.505.2876       | 1987-09-14 | SH_CLERK   |  3600.00 |           0.00 |        122 |
50 |
|         200 | Jennifer    | Whalen      | JWHALEN  | 515.123.4444       | 1987-09-25 | AD_ASST    |  4400.00 |           0.00 |        101 |
10 |
|         181 | Jean        | Fleaur      | JFLEAUR  | 650.507.9877       | 1987-09-06 | SH_CLERK   |  3100.00 |           0.00 |        120 |
50 |
|         133 | Jason       | Mallin      | JMALLIN  | 650.127.1934       | 1987-07-20 | ST_CLERK   |  3300.00 |           0.00 |        122 |
50 |
|         156 | Janette     | King        | JKING    | 011.44.1345.429268 | 1987-08-12 | SA_REP     | 10000.00 |           0.35 |        146 |
80 |
|         127 | James       | Landry      | JLANDRY  | 650.124.1334       | 1987-07-14 | ST_CLERK   |  2400.00 |           0.00 |        120 |
50 |
|         131 | James       | Marlow      | JAMRLOW  | 650.124.7234       | 1987-07-18 | ST_CLERK   |  2500.00 |           0.00 |        121 |
50 |
|         177 | Jack        | Livingston  | JLIVINGS | 011.44.1644.429264 | 1987-09-02 | SA_REP     |  8400.00 |           0.20 |        149 |
80 |
|         111 | Ismael      | Sciarra     | ISCIARRA | 515.124.4369       | 1987-06-28 | FI_ACCOUNT |  7700.00 |           0.00 |        108 |           100 |
|         126 | Irene       | Mikkilineni | IMIKKILI | 650.124.1224       | 1987-07-13 | ST_CLERK   |  2700.00 |           0.00 |        120 |
50 |
|         204 | Hermann     | Baer        | HBAER    | 515.123.8888       | 1987-09-29 | PR_REP     | 10000.00 |           0.00 |        101 |
70 |
|         136 | Hazel       | Philtanker  | HPHILTAN | 650.127.1634       | 1987-07-23 | ST_CLERK   |  2200.00 |           0.00 |        122 |
50 |
|         169 | Harrison    | Bloom       | HBLOOM   | 011.44.1343.829268 | 1987-08-25 | SA_REP     | 10000.00 |           0.20 |        148 |
80 |
|         118 | Guy         | Himuro      | GHIMURO  | 515.127.4565       | 1987-07-05 | PU_CLERK   |  2600.00 |           0.00 |        114 |
30 |
|         183 | Girard      | Geoni       | GGEONI   | 650.507.9879       | 1987-09-08 | SH_CLERK   |  2800.00 |           0.00 |        120 |
50 |
|         148 | Gerald      | Cambrault   | GCAMBRAU | 011.44.1344.619268 | 1987-08-04 | SA_MAN     | 11000.00 |           0.30 |        100 |
80 |
|         174 | Ellen       | Abel        | EABEL    | 011.44.1644.429267 | 1987-08-30 | SA_REP     | 11000.00 |           0.30 |        149 |
80 |
|         172 | Elizabeth   | Bates       | EBATES   | 011.44.1343.529268 | 1987-08-28 | SA_REP     |  7300.00 |           0.15 |        148 |
80 |
|         149 | Eleni       | Zlotkey     | EZLOTKEY | 011.44.1344.429018 | 1987-08-05 | SA_MAN     | 10500.00 |           0.20 |        100 |
80 |
|         199 | Douglas     | Grant       | DGRANT   | 650.507.9844       | 1987-09-24 | SH_CLERK   |  2600.00 |           0.00 |        124 |
50 |
|         198 | Donald      | OConnell    | DOCONNEL | 650.507.9833       | 1987-09-23 | SH_CLERK   |  2600.00 |           0.00 |        124 |
50 |
|         107 | Diana       | Lorentz     | DLORENTZ | 590.423.5567       | 1987-06-24 | IT_PROG    |  4200.00 |           0.00 |        103 |
60 |
|         114 | Den         | Raphaely    | DRAPHEAL | 515.127.4561       | 1987-07-01 | PU_MAN     | 11000.00 |           0.00 |        100 |
30 |
|         105 | David       | Austin      | DAUSTIN  | 590.423.4569       | 1987-06-22 | IT_PROG    |  4800.00 |           0.00 |        103 |
60 |
|         151 | David       | Bernstein   | DBERNSTE | 011.44.1344.345268 | 1987-08-07 | SA_REP     |  9500.00 |           0.25 |        145 |
80 |
|         165 | David       | Lee         | DLEE     | 011.44.1346.529268 | 1987-08-21 | SA_REP     |  6800.00 |           0.10 |        147 |
80 |
|         163 | Danielle    | Greene      | DGREENE  | 011.44.1346.229268 | 1987-08-19 | SA_REP     |  9500.00 |           0.15 |        147 |
80 |
|         109 | Daniel      | Faviet      | DFAVIET  | 515.124.4169       | 1987-06-26 | FI_ACCOUNT |  9000.00 |           0.00 |        108 |           100 |
|         142 | Curtis      | Davies      | CDAVIES  | 650.121.2994       | 1987-07-29 | ST_CLERK   |  3100.00 |           0.00 |        124 |
50 |
|         162 | Clara       | Vishney     | CVISHNEY | 011.44.1346.129268 | 1987-08-18 | SA_REP     | 10500.00 |           0.25 |        147 |
80 |
|         153 | Christopher | Olsen       | COLSEN   | 011.44.1344.498718 | 1987-08-09 | SA_REP     |  8000.00 |           0.20 |        145 |
80 |
|         179 | Charles     | Johnson     | CJOHNSON | 011.44.1644.429262 | 1987-09-04 | SA_REP     |  6200.00 |           0.10 |        149 |
80 |
|         104 | Bruce       | Ernst       | BERNST   | 590.423.4568       | 1987-06-21 | IT_PROG    |  6000.00 |           0.00 |        103 |
60 |
|         193 | Britney     | Everett     | BEVERETT | 650.501.2876       | 1987-09-18 | SH_CLERK   |  3900.00 |           0.00 |        123 |
50 |
|         187 | Anthony     | Cabrio      | ACABRIO  | 650.509.4876       | 1987-09-12 | SH_CLERK   |  3000.00 |           0.00 |        121 |
50 |
|         167 | Amit        | Banda       | ABANDA   | 011.44.1346.729268 | 1987-08-23 | SA_REP     |  6200.00 |           0.10 |        147 |
80 |
|         175 | Alyssa      | Hutton      | AHUTTON  | 011.44.1644.429266 | 1987-08-31 | SA_REP     |  8800.00 |           0.25 |        149 |
80 |
|         158 | Allan       | McEwen      | AMCEWEN  | 011.44.1345.829268 | 1987-08-14 | SA_REP     |  9000.00 |           0.35 |        146 |
80 |
|         185 | Alexis      | Bull        | ABULL    | 650.509.2876       | 1987-09-10 | SH_CLERK   |  4100.00 |           0.00 |        121 |
50 |
|         103 | Alexander   | Hunold      | AHUNOLD  | 590.423.4567       | 1987-06-20 | IT_PROG    |  9000.00 |           0.00 |        102 |
60 |
|         115 | Alexander   | Khoo        | AKHOO    | 515.127.4562       | 1987-07-02 | PU_CLERK   |  3100.00 |           0.00 |        114 |
30 |
|         147 | Alberto     | Errazuriz   | AERRAZUR | 011.44.1344.429278 | 1987-08-03 | SA_MAN     | 12000.00 |           0.30 |        100 |
80 |
|         196 | Alana       | Walsh       | AWALSH   | 650.507.9811       | 1987-09-21 | SH_CLERK   |  3100.00 |           0.00 |        124 |
50 |
|         121 | Adam        | Fripp       | AFRIPP   | 650.123.2234       | 1987-07-08 | ST_MAN     |  8200.00 |           0.00 |        100 |            50 |
+-------------+-------------+-------------+----------+--------------------+------------+------------+----------+----------------+------------+---------------+
107 rows in set (0.00 sec)

d8_56780>


9. Write a query to get the employee ID, names (first_name, last_name),
salary in ascending order of salary.


d8_56780>select EMPLOYEE_ID, FIRST_NAME, LAST_NAME, SALARY from employees order by salary;
+-------------+-------------+-------------+----------+
| EMPLOYEE_ID | FIRST_NAME  | LAST_NAME   | SALARY   |
+-------------+-------------+-------------+----------+
|         132 | TJ          | Olson       |  2100.00 |
|         128 | Steven      | Markle      |  2200.00 |
|         136 | Hazel       | Philtanker  |  2200.00 |
|         127 | James       | Landry      |  2400.00 |
|         135 | Ki          | Gee         |  2400.00 |
|         119 | Karen       | Colmenares  |  2500.00 |
|         131 | James       | Marlow      |  2500.00 |
|         140 | Joshua      | Patel       |  2500.00 |
|         144 | Peter       | Vargas      |  2500.00 |
|         182 | Martha      | Sullivan    |  2500.00 |
|         191 | Randall     | Perkins     |  2500.00 |
|         118 | Guy         | Himuro      |  2600.00 |
|         143 | Randall     | Matos       |  2600.00 |
|         198 | Donald      | OConnell    |  2600.00 |
|         199 | Douglas     | Grant       |  2600.00 |
|         126 | Irene       | Mikkilineni |  2700.00 |
|         139 | John        | Seo         |  2700.00 |
|         117 | Sigal       | Tobias      |  2800.00 |
|         130 | Mozhe       | Atkinson    |  2800.00 |
|         183 | Girard      | Geoni       |  2800.00 |
|         195 | Vance       | Jones       |  2800.00 |
|         116 | Shelli      | Baida       |  2900.00 |
|         134 | Michael     | Rogers      |  2900.00 |
|         190 | Timothy     | Gates       |  2900.00 |
|         187 | Anthony     | Cabrio      |  3000.00 |
|         197 | Kevin       | Feeney      |  3000.00 |
|         115 | Alexander   | Khoo        |  3100.00 |
|         142 | Curtis      | Davies      |  3100.00 |
|         181 | Jean        | Fleaur      |  3100.00 |
|         196 | Alana       | Walsh       |  3100.00 |
|         125 | Julia       | Nayer       |  3200.00 |
|         138 | Stephen     | Stiles      |  3200.00 |
|         180 | Winston     | Taylor      |  3200.00 |
|         194 | Samuel      | McCain      |  3200.00 |
|         129 | Laura       | Bissot      |  3300.00 |
|         133 | Jason       | Mallin      |  3300.00 |
|         186 | Julia       | Dellinger   |  3400.00 |
|         141 | Trenna      | Rajs        |  3500.00 |
|         137 | Renske      | Ladwig      |  3600.00 |
|         189 | Jennifer    | Dilly       |  3600.00 |
|         188 | Kelly       | Chung       |  3800.00 |
|         193 | Britney     | Everett     |  3900.00 |
|         192 | Sarah       | Bell        |  4000.00 |
|         185 | Alexis      | Bull        |  4100.00 |
|         107 | Diana       | Lorentz     |  4200.00 |
|         184 | Nandita     | Sarchand    |  4200.00 |
|         200 | Jennifer    | Whalen      |  4400.00 |
|         105 | David       | Austin      |  4800.00 |
|         106 | Valli       | Pataballa   |  4800.00 |
|         124 | Kevin       | Mourgos     |  5800.00 |
|         104 | Bruce       | Ernst       |  6000.00 |
|         202 | Pat         | Fay         |  6000.00 |
|         173 | Sundita     | Kumar       |  6100.00 |
|         167 | Amit        | Banda       |  6200.00 |
|         179 | Charles     | Johnson     |  6200.00 |
|         166 | Sundar      | Ande        |  6400.00 |
|         123 | Shanta      | Vollman     |  6500.00 |
|         203 | Susan       | Mavris      |  6500.00 |
|         165 | David       | Lee         |  6800.00 |
|         113 | Luis        | Popp        |  6900.00 |
|         155 | Oliver      | Tuvault     |  7000.00 |
|         161 | Sarath      | Sewall      |  7000.00 |
|         178 | Kimberely   | Grant       |  7000.00 |
|         164 | Mattea      | Marvins     |  7200.00 |
|         172 | Elizabeth   | Bates       |  7300.00 |
|         171 | William     | Smith       |  7400.00 |
|         154 | Nanette     | Cambrault   |  7500.00 |
|         160 | Louise      | Doran       |  7500.00 |
|         111 | Ismael      | Sciarra     |  7700.00 |
|         112 | Jose Manuel | Urman       |  7800.00 |
|         122 | Payam       | Kaufling    |  7900.00 |
|         120 | Matthew     | Weiss       |  8000.00 |
|         153 | Christopher | Olsen       |  8000.00 |
|         159 | Lindsey     | Smith       |  8000.00 |
|         110 | John        | Chen        |  8200.00 |
|         121 | Adam        | Fripp       |  8200.00 |
|         206 | William     | Gietz       |  8300.00 |
|         177 | Jack        | Livingston  |  8400.00 |
|         176 | Jonathon    | Taylor      |  8600.00 |
|         175 | Alyssa      | Hutton      |  8800.00 |
|         103 | Alexander   | Hunold      |  9000.00 |
|         109 | Daniel      | Faviet      |  9000.00 |
|         152 | Peter       | Hall        |  9000.00 |
|         158 | Allan       | McEwen      |  9000.00 |
|         151 | David       | Bernstein   |  9500.00 |
|         157 | Patrick     | Sully       |  9500.00 |
|         163 | Danielle    | Greene      |  9500.00 |
|         170 | Tayler      | Fox         |  9600.00 |
|         150 | Peter       | Tucker      | 10000.00 |
|         156 | Janette     | King        | 10000.00 |
|         169 | Harrison    | Bloom       | 10000.00 |
|         204 | Hermann     | Baer        | 10000.00 |
|         149 | Eleni       | Zlotkey     | 10500.00 |
|         162 | Clara       | Vishney     | 10500.00 |
|         114 | Den         | Raphaely    | 11000.00 |
|         148 | Gerald      | Cambrault   | 11000.00 |
|         174 | Ellen       | Abel        | 11000.00 |
|         168 | Lisa        | Ozer        | 11500.00 |
|         108 | Nancy       | Greenberg   | 12000.00 |
|         147 | Alberto     | Errazuriz   | 12000.00 |
|         205 | Shelley     | Higgins     | 12000.00 |
|         201 | Michael     | Hartstein   | 13000.00 |
|         146 | Karen       | Partners    | 13500.00 |
|         145 | John        | Russell     | 14000.00 |
|         101 | Neena       | Kochhar     | 17000.00 |
|         102 | Lex         | De Haan     | 17000.00 |
|         100 | Steven      | King        | 24000.00 |
+-------------+-------------+-------------+----------+
107 rows in set (0.00 sec)

d8_56780>


10. Display first name and join date of the employees who is either IT Programmer or
Sales Man


d8_56780>describe jobs;
+------------+--------------+------+-----+---------+-------+
| Field      | Type         | Null | Key | Default | Extra |
+------------+--------------+------+-----+---------+-------+
| JOB_ID     | varchar(10)  | NO   | PRI |         |       |
| JOB_TITLE  | varchar(35)  | NO   |     | NULL    |       |
| MIN_SALARY | decimal(6,0) | YES  |     | NULL    |       |
| MAX_SALARY | decimal(6,0) | YES  |     | NULL    |       |
+------------+--------------+------+-----+---------+-------+
4 rows in set (0.00 sec)

d8_56780>describe employees;
+----------------+--------------+------+-----+---------+-------+
| Field          | Type         | Null | Key | Default | Extra |
+----------------+--------------+------+-----+---------+-------+
| EMPLOYEE_ID    | decimal(6,0) | NO   | PRI | 0       |       |
| FIRST_NAME     | varchar(20)  | YES  |     | NULL    |       |
| LAST_NAME      | varchar(25)  | NO   | MUL | NULL    |       |
| EMAIL          | varchar(25)  | NO   | UNI | NULL    |       |
| PHONE_NUMBER   | varchar(20)  | YES  |     | NULL    |       |
| HIRE_DATE      | date         | NO   |     | NULL    |       |
| JOB_ID         | varchar(10)  | NO   | MUL | NULL    |       |
| SALARY         | decimal(8,2) | YES  |     | NULL    |       |
| COMMISSION_PCT | decimal(2,2) | YES  |     | NULL    |       |
| MANAGER_ID     | decimal(6,0) | YES  | MUL | NULL    |       |
| DEPARTMENT_ID  | decimal(4,0) | YES  | MUL | NULL    |       |
+----------------+--------------+------+-----+---------+-------+
11 rows in set (0.00 sec)

d8_56780>select JOB_ID,JOB_TITLE from jobs;
+------------+---------------------------------+
| JOB_ID     | JOB_TITLE                       |
+------------+---------------------------------+
| AD_PRES    | President                       |
| AD_VP      | Administration Vice President   |
| AD_ASST    | Administration Assistant        |
| FI_MGR     | Finance Manager                 |
| FI_ACCOUNT | Accountant                      |
| AC_MGR     | Accounting Manager              |
| AC_ACCOUNT | Public Accountant               |
| SA_MAN     | Sales Manager                   |
| SA_REP     | Sales Representative            |
| PU_MAN     | Purchasing Manager              |
| PU_CLERK   | Purchasing Clerk                |
| ST_MAN     | Stock Manager                   |
| ST_CLERK   | Stock Clerk                     |
| SH_CLERK   | Shipping Clerk                  |
| IT_PROG    | Programmer                      |
| MK_MAN     | Marketing Manager               |
| MK_REP     | Marketing Representative        |
| HR_REP     | Human Resources Representative  |
| PR_REP     | Public Relations Representative |
+------------+---------------------------------+
19 rows in set (0.00 sec)

d8_56780>select FIRST_NAME,HIRE_DATE from employees where JOB_ID IN('IT_PROG','SA_REP');
+-------------+------------+
| FIRST_NAME  | HIRE_DATE  |
+-------------+------------+
| Alexander   | 1987-06-20 |
| Bruce       | 1987-06-21 |
| David       | 1987-06-22 |
| Valli       | 1987-06-23 |
| Diana       | 1987-06-24 |
| Peter       | 1987-08-06 |
| David       | 1987-08-07 |
| Peter       | 1987-08-08 |
| Christopher | 1987-08-09 |
| Nanette     | 1987-08-10 |
| Oliver      | 1987-08-11 |
| Janette     | 1987-08-12 |
| Patrick     | 1987-08-13 |
| Allan       | 1987-08-14 |
| Lindsey     | 1987-08-15 |
| Louise      | 1987-08-16 |
| Sarath      | 1987-08-17 |
| Clara       | 1987-08-18 |
| Danielle    | 1987-08-19 |
| Mattea      | 1987-08-20 |
| David       | 1987-08-21 |
| Sundar      | 1987-08-22 |
| Amit        | 1987-08-23 |
| Lisa        | 1987-08-24 |
| Harrison    | 1987-08-25 |
| Tayler      | 1987-08-26 |
| William     | 1987-08-27 |
| Elizabeth   | 1987-08-28 |
| Sundita     | 1987-08-29 |
| Ellen       | 1987-08-30 |
| Alyssa      | 1987-08-31 |
| Jonathon    | 1987-09-01 |
| Jack        | 1987-09-02 |
| Kimberely   | 1987-09-03 |
| Charles     | 1987-09-04 |
+-------------+------------+
35 rows in set (0.00 sec)

d8_56780>



11. Display details of employee with ID 150 or 160.


d8_56780>select*from employees where EMPLOYEE_ID in (150,160);
+-------------+------------+-----------+---------+--------------------+------------+--------+----------+----------------+------------+---------------+
| EMPLOYEE_ID | FIRST_NAME | LAST_NAME | EMAIL   | PHONE_NUMBER       | HIRE_DATE  | JOB_ID | SALARY   | COMMISSION_PCT | MANAGER_ID | DEPARTMENT_ID |
+-------------+------------+-----------+---------+--------------------+------------+--------+----------+----------------+------------+---------------+
|         150 | Peter      | Tucker    | PTUCKER | 011.44.1344.129268 | 1987-08-06 | SA_REP | 10000.00 |           0.30 |        145 |            80 |
|         160 | Louise     | Doran     | LDORAN  | 011.44.1345.629268 | 1987-08-16 | SA_REP |  7500.00 |           0.30 |        146 |            80 |
+-------------+------------+-----------+---------+--------------------+------------+--------+----------+----------------+------------+---------------+
2 rows in set (0.00 sec)

d8_56780>


12. Display first name, salary, commission pct, and hire date for employees with salary
less than 10000.


d8_56780>select FIRST_NAME,SALARY,COMISSIO_PCT,HIRE_DATE where SALARY BETWEEN 0 and 10000;
ERROR 1054 (42S22): Unknown column 'FIRST_NAME' in 'field list'
d8_56780>select FIRST_NAME,SALARY,COMISSIO_PCT,HIRE_DATE from employees where SALARY BETWEEN 0 and 10000;
ERROR 1054 (42S22): Unknown column 'COMISSIO_PCT' in 'field list'
d8_56780>select FIRST_NAME,SALARY,COMISSION_PCT,HIRE_DATE from employees where SALARY BETWEEN 0 and 10000;
ERROR 1054 (42S22): Unknown column 'COMISSION_PCT' in 'field list'
d8_56780>select FIRST_NAME,SALARY,COMMISSION_PCT,HIRE_DATE from employees where SALARY BETWEEN 0 and 10000;
+-------------+----------+----------------+------------+
| FIRST_NAME  | SALARY   | COMMISSION_PCT | HIRE_DATE  |
+-------------+----------+----------------+------------+
| Alexander   |  9000.00 |           0.00 | 1987-06-20 |
| Bruce       |  6000.00 |           0.00 | 1987-06-21 |
| David       |  4800.00 |           0.00 | 1987-06-22 |
| Valli       |  4800.00 |           0.00 | 1987-06-23 |
| Diana       |  4200.00 |           0.00 | 1987-06-24 |
| Daniel      |  9000.00 |           0.00 | 1987-06-26 |
| John        |  8200.00 |           0.00 | 1987-06-27 |
| Ismael      |  7700.00 |           0.00 | 1987-06-28 |
| Jose Manuel |  7800.00 |           0.00 | 1987-06-29 |
| Luis        |  6900.00 |           0.00 | 1987-06-30 |
| Alexander   |  3100.00 |           0.00 | 1987-07-02 |
| Shelli      |  2900.00 |           0.00 | 1987-07-03 |
| Sigal       |  2800.00 |           0.00 | 1987-07-04 |
| Guy         |  2600.00 |           0.00 | 1987-07-05 |
| Karen       |  2500.00 |           0.00 | 1987-07-06 |
| Matthew     |  8000.00 |           0.00 | 1987-07-07 |
| Adam        |  8200.00 |           0.00 | 1987-07-08 |
| Payam       |  7900.00 |           0.00 | 1987-07-09 |
| Shanta      |  6500.00 |           0.00 | 1987-07-10 |
| Kevin       |  5800.00 |           0.00 | 1987-07-11 |
| Julia       |  3200.00 |           0.00 | 1987-07-12 |
| Irene       |  2700.00 |           0.00 | 1987-07-13 |
| James       |  2400.00 |           0.00 | 1987-07-14 |
| Steven      |  2200.00 |           0.00 | 1987-07-15 |
| Laura       |  3300.00 |           0.00 | 1987-07-16 |
| Mozhe       |  2800.00 |           0.00 | 1987-07-17 |
| James       |  2500.00 |           0.00 | 1987-07-18 |
| TJ          |  2100.00 |           0.00 | 1987-07-19 |
| Jason       |  3300.00 |           0.00 | 1987-07-20 |
| Michael     |  2900.00 |           0.00 | 1987-07-21 |
| Ki          |  2400.00 |           0.00 | 1987-07-22 |
| Hazel       |  2200.00 |           0.00 | 1987-07-23 |
| Renske      |  3600.00 |           0.00 | 1987-07-24 |
| Stephen     |  3200.00 |           0.00 | 1987-07-25 |
| John        |  2700.00 |           0.00 | 1987-07-26 |
| Joshua      |  2500.00 |           0.00 | 1987-07-27 |
| Trenna      |  3500.00 |           0.00 | 1987-07-28 |
| Curtis      |  3100.00 |           0.00 | 1987-07-29 |
| Randall     |  2600.00 |           0.00 | 1987-07-30 |
| Peter       |  2500.00 |           0.00 | 1987-07-31 |
| Peter       | 10000.00 |           0.30 | 1987-08-06 |
| David       |  9500.00 |           0.25 | 1987-08-07 |
| Peter       |  9000.00 |           0.25 | 1987-08-08 |
| Christopher |  8000.00 |           0.20 | 1987-08-09 |
| Nanette     |  7500.00 |           0.20 | 1987-08-10 |
| Oliver      |  7000.00 |           0.15 | 1987-08-11 |
| Janette     | 10000.00 |           0.35 | 1987-08-12 |
| Patrick     |  9500.00 |           0.35 | 1987-08-13 |
| Allan       |  9000.00 |           0.35 | 1987-08-14 |
| Lindsey     |  8000.00 |           0.30 | 1987-08-15 |
| Louise      |  7500.00 |           0.30 | 1987-08-16 |
| Sarath      |  7000.00 |           0.25 | 1987-08-17 |
| Danielle    |  9500.00 |           0.15 | 1987-08-19 |
| Mattea      |  7200.00 |           0.10 | 1987-08-20 |
| David       |  6800.00 |           0.10 | 1987-08-21 |
| Sundar      |  6400.00 |           0.10 | 1987-08-22 |
| Amit        |  6200.00 |           0.10 | 1987-08-23 |
| Harrison    | 10000.00 |           0.20 | 1987-08-25 |
| Tayler      |  9600.00 |           0.20 | 1987-08-26 |
| William     |  7400.00 |           0.15 | 1987-08-27 |
| Elizabeth   |  7300.00 |           0.15 | 1987-08-28 |
| Sundita     |  6100.00 |           0.10 | 1987-08-29 |
| Alyssa      |  8800.00 |           0.25 | 1987-08-31 |
| Jonathon    |  8600.00 |           0.20 | 1987-09-01 |
| Jack        |  8400.00 |           0.20 | 1987-09-02 |
| Kimberely   |  7000.00 |           0.15 | 1987-09-03 |
| Charles     |  6200.00 |           0.10 | 1987-09-04 |
| Winston     |  3200.00 |           0.00 | 1987-09-05 |
| Jean        |  3100.00 |           0.00 | 1987-09-06 |
| Martha      |  2500.00 |           0.00 | 1987-09-07 |
| Girard      |  2800.00 |           0.00 | 1987-09-08 |
| Nandita     |  4200.00 |           0.00 | 1987-09-09 |
| Alexis      |  4100.00 |           0.00 | 1987-09-10 |
| Julia       |  3400.00 |           0.00 | 1987-09-11 |
| Anthony     |  3000.00 |           0.00 | 1987-09-12 |
| Kelly       |  3800.00 |           0.00 | 1987-09-13 |
| Jennifer    |  3600.00 |           0.00 | 1987-09-14 |
| Timothy     |  2900.00 |           0.00 | 1987-09-15 |
| Randall     |  2500.00 |           0.00 | 1987-09-16 |
| Sarah       |  4000.00 |           0.00 | 1987-09-17 |
| Britney     |  3900.00 |           0.00 | 1987-09-18 |
| Samuel      |  3200.00 |           0.00 | 1987-09-19 |
| Vance       |  2800.00 |           0.00 | 1987-09-20 |
| Alana       |  3100.00 |           0.00 | 1987-09-21 |
| Kevin       |  3000.00 |           0.00 | 1987-09-22 |
| Donald      |  2600.00 |           0.00 | 1987-09-23 |
| Douglas     |  2600.00 |           0.00 | 1987-09-24 |
| Jennifer    |  4400.00 |           0.00 | 1987-09-25 |
| Pat         |  6000.00 |           0.00 | 1987-09-27 |
| Susan       |  6500.00 |           0.00 | 1987-09-28 |
| Hermann     | 10000.00 |           0.00 | 1987-09-29 |
| William     |  8300.00 |           0.00 | 1987-10-01 |
+-------------+----------+----------------+------------+
92 rows in set (0.00 sec)

d8_56780>


13. Display details of jobs in the descending order of the title


d8_56780>describe jobs;
+------------+--------------+------+-----+---------+-------+
| Field      | Type         | Null | Key | Default | Extra |
+------------+--------------+------+-----+---------+-------+
| JOB_ID     | varchar(10)  | NO   | PRI |         |       |
| JOB_TITLE  | varchar(35)  | NO   |     | NULL    |       |
| MIN_SALARY | decimal(6,0) | YES  |     | NULL    |       |
| MAX_SALARY | decimal(6,0) | YES  |     | NULL    |       |
+------------+--------------+------+-----+---------+-------+
4 rows in set (0.00 sec)

d8_56780>select JOB_TITLE from jobs order by JOB_TITLE DESC;
+---------------------------------+
| JOB_TITLE                       |
+---------------------------------+
| Stock Manager                   |
| Stock Clerk                     |
| Shipping Clerk                  |
| Sales Representative            |
| Sales Manager                   |
| Purchasing Manager              |
| Purchasing Clerk                |
| Public Relations Representative |
| Public Accountant               |
| Programmer                      |
| President                       |
| Marketing Representative        |
| Marketing Manager               |
| Human Resources Representative  |
| Finance Manager                 |
| Administration Vice President   |
| Administration Assistant        |
| Accounting Manager              |
| Accountant                      |
+---------------------------------+
19 rows in set (0.00 sec)

d8_56780>


14. Display details of the employees where commission percentage is null and salary in
the range 5000 to 10000 and department is 30.


d8_56780>select*from employees where COMMISSION_PCT = NULL AND SALARY between 5000 a
nd 10000 and DEPARTMENT_ID=30;
Empty set (0.00 sec)

d8_56780>



15. Display employees first_name,email who are working in â€œExecutiveâ€ department


d8_56780>select FIRST_NAME,EMAIL from employees where DEPARTMENT_ID=90;
+------------+----------+
| FIRST_NAME | EMAIL    |
+------------+----------+
| Steven     | SKING    |
| Neena      | NKOCHHAR |
| Lex        | LDEHAAN  |
+------------+----------+
3 rows in set (0.00 sec)

d8_56780>


16. Display unique contry_id from locations table.


d8_56780>select distinct COUNTRY_ID from locations;
+------------+
| COUNTRY_ID |
+------------+
| "          |
| AU         |
| BR         |
| CA         |
| CH         |
| CN         |
| DE         |
| IN         |
| IT         |
| JP         |
| NL         |
| Ox         |
| SG         |
| UK         |
| US         |
+------------+
15 rows in set (0.00 sec)

d8_56780>


17. Display all employees whose have job_id IT_PROG and FI_ACCOUNT


d8_56780>select*from employees where JOB_ID is('IT_PROG','FI_ACCOUNT');
ERROR 1064 (42000): You have an error in your SQL syntax; check the manual that corresponds to your MySQL server version for the right syntax to use near '('IT_PROG','FI_ACCOUNT')' at line 1
d8_56780>select*from employees where JOB_ID in ('IT_PROG','FI_ACCOUNT');
+-------------+-------------+-----------+----------+--------------+------------+------------+---------+----------------+------------+---------------+
| EMPLOYEE_ID | FIRST_NAME  | LAST_NAME | EMAIL    | PHONE_NUMBER | HIRE_DATE  | JOB_ID     | SALARY  | COMMISSION_PCT | MANAGER_ID | DEPARTMENT_ID |
+-------------+-------------+-----------+----------+--------------+------------+------------+---------+----------------+------------+---------------+
|         109 | Daniel      | Faviet    | DFAVIET  | 515.124.4169 | 1987-06-26 | FI_ACCOUNT | 9000.00 |           0.00 |        108 |           100 |
|         110 | John        | Chen      | JCHEN    | 515.124.4269 | 1987-06-27 | FI_ACCOUNT | 8200.00 |           0.00 |        108 |           100 |
|         111 | Ismael      | Sciarra   | ISCIARRA | 515.124.4369 | 1987-06-28 | FI_ACCOUNT | 7700.00 |           0.00 |        108 |           100 |
|         112 | Jose Manuel | Urman     | JMURMAN  | 515.124.4469 | 1987-06-29 | FI_ACCOUNT | 7800.00 |           0.00 |        108 |           100 |
|         113 | Luis        | Popp      | LPOPP    | 515.124.4567 | 1987-06-30 | FI_ACCOUNT | 6900.00 |           0.00 |        108 |           100 |
|         103 | Alexander   | Hunold    | AHUNOLD  | 590.423.4567 | 1987-06-20 | IT_PROG    | 9000.00 |           0.00 |        102 |            60 |
|         104 | Bruce       | Ernst     | BERNST   | 590.423.4568 | 1987-06-21 | IT_PROG    | 6000.00 |           0.00 |        103 |            60 |
|         105 | David       | Austin    | DAUSTIN  | 590.423.4569 | 1987-06-22 | IT_PROG    | 4800.00 |           0.00 |        103 |            60 |
|         106 | Valli       | Pataballa | VPATABAL | 590.423.4560 | 1987-06-23 | IT_PROG    | 4800.00 |           0.00 |        103 |            60 |
|         107 | Diana       | Lorentz   | DLORENTZ | 590.423.5567 | 1987-06-24 | IT_PROG    | 4200.00 |           0.00 |        103 |            60 |
+-------------+-------------+-----------+----------+--------------+------------+------------+---------+----------------+------------+---------------+
10 rows in set (0.00 sec)

d8_56780>



18. Display all countries in ascending order.


d8_56780>describe locations;
+----------------+--------------+------+-----+---------+-------+
| Field          | Type         | Null | Key | Default | Extra |
+----------------+--------------+------+-----+---------+-------+
| LOCATION_ID    | decimal(4,0) | NO   | PRI | 0       |       |
| STREET_ADDRESS | varchar(40)  | YES  |     | NULL    |       |
| POSTAL_CODE    | varchar(12)  | YES  |     | NULL    |       |
| CITY           | varchar(30)  | NO   | MUL | NULL    |       |
| STATE_PROVINCE | varchar(25)  | YES  | MUL | NULL    |       |
| COUNTRY_ID     | varchar(2)   | YES  | MUL | NULL    |       |
+----------------+--------------+------+-----+---------+-------+
6 rows in set (0.00 sec)

d8_56780>describe countries;
+--------------+---------------+------+-----+---------+-------+
| Field        | Type          | Null | Key | Default | Extra |
+--------------+---------------+------+-----+---------+-------+
| COUNTRY_ID   | varchar(2)    | NO   | PRI | NULL    |       |
| COUNTRY_NAME | varchar(40)   | YES  |     | NULL    |       |
| REGION_ID    | decimal(10,0) | YES  | MUL | NULL    |       |
+--------------+---------------+------+-----+---------+-------+
3 rows in set (0.00 sec)

d8_56780>select distinct COUNTRY_NAME from countries order by COUNTRY_NAME;
+--------------------------+
| COUNTRY_NAME             |
+--------------------------+
| Argentina                |
| Australia                |
| Belgium                  |
| Brazil                   |
| Canada                   |
| China                    |
| Denmark                  |
| Egypt                    |
| France                   |
| Germany                  |
| HongKong                 |
| India                    |
| Israel                   |
| Italy                    |
| Japan                    |
| Kuwait                   |
| Mexico                   |
| Netherlands              |
| Nigeria                  |
| Singapore                |
| Switzerland              |
| United Kingdom           |
| United States of America |
| Zambia                   |
| Zimbabwe                 |
+--------------------------+
25 rows in set (0.01 sec)

d8_56780>


19. Display employees where first name or last name start with S.


d8_56780>select*from employees where FIRST_NAME like 'S%' or LAST_NAME like 'S%';
+-------------+------------+-----------+----------+--------------------+------------+------------+----------+----------------+------------+---------------+
| EMPLOYEE_ID | FIRST_NAME | LAST_NAME | EMAIL    | PHONE_NUMBER       | HIRE_DATE  | JOB_ID     | SALARY   | COMMISSION_PCT | MANAGER_ID | DEPARTMENT_ID |
+-------------+------------+-----------+----------+--------------------+------------+------------+----------+----------------+------------+---------------+
|         100 | Steven     | King      | SKING    | 515.123.4567       | 1987-06-17 | AD_PRES    | 24000.00 |           0.00 |          0 |            90 |
|         111 | Ismael     | Sciarra   | ISCIARRA | 515.124.4369       | 1987-06-28 | FI_ACCOUNT |  7700.00 |           0.00 |        108 |           100 |
|         116 | Shelli     | Baida     | SBAIDA   | 515.127.4563       | 1987-07-03 | PU_CLERK   |  2900.00 |           0.00 |        114 |            30 |
|         117 | Sigal      | Tobias    | STOBIAS  | 515.127.4564       | 1987-07-04 | PU_CLERK   |  2800.00 |           0.00 |        114 |            30 |
|         123 | Shanta     | Vollman   | SVOLLMAN | 650.123.4234       | 1987-07-10 | ST_MAN     |  6500.00 |           0.00 |        100 |            50 |
|         128 | Steven     | Markle    | SMARKLE  | 650.124.1434       | 1987-07-15 | ST_CLERK   |  2200.00 |           0.00 |        120 |            50 |
|         138 | Stephen    | Stiles    | SSTILES  | 650.121.2034       | 1987-07-25 | ST_CLERK   |  3200.00 |           0.00 |        123 |            50 |
|         139 | John       | Seo       | JSEO     | 650.121.2019       | 1987-07-26 | ST_CLERK   |  2700.00 |           0.00 |        123 |            50 |
|         157 | Patrick    | Sully     | PSULLY   | 011.44.1345.929268 | 1987-08-13 | SA_REP     |  9500.00 |           0.35 |        146 |            80 |
|         159 | Lindsey    | Smith     | LSMITH   | 011.44.1345.729268 | 1987-08-15 | SA_REP     |  8000.00 |           0.30 |        146 |            80 |
|         161 | Sarath     | Sewall    | SSEWALL  | 011.44.1345.529268 | 1987-08-17 | SA_REP     |  7000.00 |           0.25 |        146 |            80 |
|         166 | Sundar     | Ande      | SANDE    | 011.44.1346.629268 | 1987-08-22 | SA_REP     |  6400.00 |           0.10 |        147 |            80 |
|         171 | William    | Smith     | WSMITH   | 011.44.1343.629268 | 1987-08-27 | SA_REP     |  7400.00 |           0.15 |        148 |            80 |
|         173 | Sundita    | Kumar     | SKUMAR   | 011.44.1343.329268 | 1987-08-29 | SA_REP     |  6100.00 |           0.10 |        148 |            80 |
|         182 | Martha     | Sullivan  | MSULLIVA | 650.507.9878       | 1987-09-07 | SH_CLERK   |  2500.00 |           0.00 |        120 |            50 |
|         184 | Nandita    | Sarchand  | NSARCHAN | 650.509.1876       | 1987-09-09 | SH_CLERK   |  4200.00 |           0.00 |        121 |            50 |
|         192 | Sarah      | Bell      | SBELL    | 650.501.1876       | 1987-09-17 | SH_CLERK   |  4000.00 |           0.00 |        123 |            50 |
|         194 | Samuel     | McCain    | SMCCAIN  | 650.501.3876       | 1987-09-19 | SH_CLERK   |  3200.00 |           0.00 |        123 |            50 |
|         203 | Susan      | Mavris    | SMAVRIS  | 515.123.7777       | 1987-09-28 | HR_REP     |  6500.00 |           0.00 |        101 |            40 |
|         205 | Shelley    | Higgins   | SHIGGINS | 515.123.8080       | 1987-09-30 | AC_MGR     | 12000.00 |           0.00 |        101 |           110 |
+-------------+------------+-----------+----------+--------------------+------------+------------+----------+----------------+------------+---------------+
20 rows in set (0.00 sec)

d8_56780>


20. Display details of the employees where commission percentage is null and salary in
the range 5000 to 10000 and department is 30.


d8_56780>select*from employees where COMMISSION_PCT = NULL and SALARY between 5000 and 10000
 and DEPARTMENT_ID=30;
Empty set (0.00 sec)

d8_56780>


21. Display all employees who have job_id IT_PROG and FI_ACCOUNT


d8_56780>
d8_56780>select*from employees where JOB_ID in ('IT_PROG','FI_ACCOUNT');
+-------------+-------------+-----------+----------+--------------+------------+------------+---------+----------------+------------+---------------+
| EMPLOYEE_ID | FIRST_NAME  | LAST_NAME | EMAIL    | PHONE_NUMBER | HIRE_DATE  | JOB_ID     | SALARY  | COMMISSION_PCT | MANAGER_ID | DEPARTMENT_ID |
+-------------+-------------+-----------+----------+--------------+------------+------------+---------+----------------+------------+---------------+
|         109 | Daniel      | Faviet    | DFAVIET  | 515.124.4169 | 1987-06-26 | FI_ACCOUNT | 9000.00 |           0.00 |        108 |           100 |
|         110 | John        | Chen      | JCHEN    | 515.124.4269 | 1987-06-27 | FI_ACCOUNT | 8200.00 |           0.00 |        108 |           100 |
|         111 | Ismael      | Sciarra   | ISCIARRA | 515.124.4369 | 1987-06-28 | FI_ACCOUNT | 7700.00 |           0.00 |        108 |           100 |
|         112 | Jose Manuel | Urman     | JMURMAN  | 515.124.4469 | 1987-06-29 | FI_ACCOUNT | 7800.00 |           0.00 |        108 |           100 |
|         113 | Luis        | Popp      | LPOPP    | 515.124.4567 | 1987-06-30 | FI_ACCOUNT | 6900.00 |           0.00 |        108 |           100 |
|         103 | Alexander   | Hunold    | AHUNOLD  | 590.423.4567 | 1987-06-20 | IT_PROG    | 9000.00 |           0.00 |        102 |            60 |
|         104 | Bruce       | Ernst     | BERNST   | 590.423.4568 | 1987-06-21 | IT_PROG    | 6000.00 |           0.00 |        103 |            60 |
|         105 | David       | Austin    | DAUSTIN  | 590.423.4569 | 1987-06-22 | IT_PROG    | 4800.00 |           0.00 |        103 |            60 |
|         106 | Valli       | Pataballa | VPATABAL | 590.423.4560 | 1987-06-23 | IT_PROG    | 4800.00 |           0.00 |        103 |            60 |
|         107 | Diana       | Lorentz   | DLORENTZ | 590.423.5567 | 1987-06-24 | IT_PROG    | 4200.00 |           0.00 |        103 |            60 |
+-------------+-------------+-----------+----------+--------------+------------+------------+---------+----------------+------------+---------------+
10 rows in set (0.00 sec)

d8_56780>


22. Display all the Part names with weight between 12 and 14 (inclusive of both).


d8_56780>use spj;
Database changed
d8_56780>select*from p;
+------+-------+-------+--------+--------+
| P#   | Pname | Color | Weight | CITY   |
+------+-------+-------+--------+--------+
| P1   | Nut   | Red   |     12 | London |
| P2   | Bolt  | Green |     17 | Paris  |
| P3   | Screw | Blue  |     17 | Rome   |
| P4   | Screw | Red   |     14 | London |
| P5   | Cam   | Blue  |     12 | Paris  |
| P6   | Cog   | Red   |     19 | London |
+------+-------+-------+--------+--------+
6 rows in set (0.00 sec)

d8_56780>select Pname from p where Weight between 12 and 14;
+-------+
| Pname |
+-------+
| Nut   |
| Screw |
| Cam   |
+-------+
3 rows in set (0.00 sec)

d8_56780>



23. Display all the Suppliers except the supplier from London


d8_56780>select*from s;
+------+-------+--------+--------+
| S#   | Sname | Status | City   |
+------+-------+--------+--------+
| S2   | Jones |     10 | Paris  |
| S3   | Blake |     30 | Paris  |
| S4   | Clark |     20 | London |
| S5   | Adams |     30 | Athens |
| S1   | Smith |     20 | London |
+------+-------+--------+--------+
5 rows in set (0.00 sec)

d8_56780>Select Sname from s where City NOT IN ('London');
+-------+
| Sname |
+-------+
| Jones |
| Blake |
| Adams |
+-------+
3 rows in set (0.00 sec)

d8_56780>


24. Display all the suppliers with a status between 10 and 20


d8_56780>select Sname from s where Status between 10 and 20;
+-------+
| Sname |
+-------+
| Jones |
| Clark |
| Smith |
+-------+
3 rows in set (0.00 sec)

d8_56780>


25. Display PNAME and COLOR from the P table for the city London.

d8_56780>select Pname, Color from p where CITY='London';
+-------+-------+
| Pname | Color |
+-------+-------+
| Nut   | Red   |
| Screw | Red   |
| Cog   | Red   |
+-------+-------+
3 rows in set (0.00 sec)

d8_56780>


26. Display all the suppliers from London.


d8_56780>select Sname from s where City='London';
+-------+
| Sname |
+-------+
| Clark |
| Smith |
+-------+
2 rows in set (0.00 sec)

d8_56780>


27. Display all suppliers from Paris or London


d8_56780>select Sname from s where City IN('Paris','London');
+-------+
| Sname |
+-------+
| Jones |
| Blake |
| Clark |
| Smith |
+-------+
4 rows in set (0.00 sec)

d8_56780>


28. Display all project in Athens.

d8_56780>select Jname from j;
+----------+
| Jname    |
+----------+
| Sorted   |
| Punch    |
| Reader   |
| Console  |
| Collator |
| Terminal |
| Tape     |
+----------+
7 rows in set (0.00 sec)

d8_56780>